date,ticker,value
02/08/2017,CPH,4.9480549942
02/09/2017,CPH,4.9480549942
02/10/2017,CPH,4.9480549942
02/13/2017,CPH,4.9480549942
02/14/2017,CPH,4.9480549942
02/15/2017,CPH,4.9480549942
02/16/2017,CPH,4.9480549942
02/17/2017,CPH,4.9480549942
02/20/2017,CPH,4.9480549942
02/21/2017,CPH,4.9480549942
02/22/2017,CPH,4.9480549942
02/23/2017,CPH,4.9480549942
02/24/2017,CPH,4.9480549942
02/27/2017,CPH,4.9480549942
02/28/2017,CPH,4.9480549942
03/01/2017,CPH,4.9480549942
03/02/2017,CPH,4.9480549942
03/03/2017,CPH,4.9480549942
03/06/2017,CPH,4.9480549942
03/07/2017,CPH,4.9480549942
03/08/2017,CPH,4.9480549942
03/09/2017,CPH,4.9480549942
03/10/2017,CPH,4.9480549942
03/13/2017,CPH,4.9480549942
03/14/2017,CPH,4.9480549942
03/15/2017,CPH,4.9480549942
03/16/2017,CPH,4.9480549942
03/17/2017,CPH,4.9480549942
03/20/2017,CPH,4.9480549942
03/21/2017,CPH,4.9480549942
03/22/2017,CPH,4.9480549942
03/23/2017,CPH,4.9480549942
03/24/2017,CPH,4.9480549942
03/27/2017,CPH,4.9480549942
03/28/2017,CPH,4.9480549942
03/29/2017,CPH,4.9480549942
03/30/2017,CPH,4.9480549942
03/31/2017,CPH,4.9480549942
04/03/2017,CPH,4.9480549942
04/04/2017,CPH,4.9480549942
04/05/2017,CPH,4.9480549942
04/07/2017,CPH,4.9480549942
04/10/2017,CPH,4.9480549942
04/11/2017,CPH,4.9480549942
04/12/2017,CPH,4.9480549942
04/13/2017,CPH,4.9480549942
04/14/2017,CPH,4.9480549942
04/17/2017,CPH,4.9480549942
04/18/2017,CPH,4.9480549942
04/19/2017,CPH,4.9480549942
04/20/2017,CPH,4.9480549942
04/21/2017,CPH,4.9480549942
04/24/2017,CPH,4.9480549942
04/25/2017,CPH,4.9480549942
04/26/2017,CPH,4.9480549942
04/27/2017,CPH,4.9480549942
04/28/2017,CPH,4.9480549942
05/03/2017,CPH,4.9480549942
05/04/2017,CPH,4.9480549942
05/05/2017,CPH,4.9480549942
05/08/2017,CPH,4.9480549942
05/09/2017,CPH,4.9480549942
05/10/2017,CPH,4.9480549942
05/11/2017,CPH,4.9480549942
05/12/2017,CPH,4.9480549942
05/15/2017,CPH,4.9480549942
05/16/2017,CPH,4.9480549942
05/17/2017,CPH,4.9480549942
05/18/2017,CPH,4.1068856452
05/19/2017,CPH,4.1068856452
05/22/2017,CPH,4.1068856452
05/23/2017,CPH,4.1068856452
05/24/2017,CPH,4.1068856452
05/25/2017,CPH,4.1068856452
05/26/2017,CPH,4.1068856452
05/29/2017,CPH,4.1068856452
05/30/2017,CPH,4.1068856452
05/31/2017,CPH,4.1068856452
06/01/2017,CPH,4.1068856452
06/02/2017,CPH,4.1068856452
06/05/2017,CPH,4.1068856452
06/06/2017,CPH,3.981963164
06/07/2017,CPH,3.981963164
06/08/2017,CPH,3.981963164
06/09/2017,CPH,3.981963164
06/12/2017,CPH,3.981963164
06/13/2017,CPH,3.981963164
06/14/2017,CPH,3.981963164
06/15/2017,CPH,3.981963164
06/16/2017,CPH,3.981963164
06/19/2017,CPH,3.981963164
06/20/2017,CPH,3.981963164
06/21/2017,CPH,3.981963164
06/22/2017,CPH,3.981963164
06/23/2017,CPH,3.981963164
06/26/2017,CPH,3.981963164
06/27/2017,CPH,3.981963164
06/28/2017,CPH,3.981963164
06/29/2017,CPH,3.981963164
06/30/2017,CPH,3.981963164
07/03/2017,CPH,3.981963164
07/04/2017,CPH,3.981963164
07/05/2017,CPH,3.981963164
07/06/2017,CPH,3.981963164
07/07/2017,CPH,3.981963164
07/10/2017,CPH,3.981963164
07/11/2017,CPH,3.981963164
07/12/2017,CPH,3.981963164
07/13/2017,CPH,3.981963164
07/14/2017,CPH,3.981963164
07/17/2017,CPH,3.981963164
07/18/2017,CPH,3.981963164
07/19/2017,CPH,3.981963164
07/20/2017,CPH,3.981963164
07/21/2017,CPH,3.981963164
07/24/2017,CPH,3.981963164
07/25/2017,CPH,3.981963164
07/26/2017,CPH,3.981963164
07/27/2017,CPH,3.981963164
07/28/2017,CPH,3.981963164
07/31/2017,CPH,3.981963164
08/01/2017,CPH,3.981963164
08/02/2017,CPH,3.981963164
08/03/2017,CPH,3.981963164
08/04/2017,CPH,3.981963164
08/07/2017,CPH,3.981963164
08/08/2017,CPH,3.981963164
08/09/2017,CPH,3.981963164
08/10/2017,CPH,3.981963164
08/11/2017,CPH,3.981963164
08/14/2017,CPH,3.981963164
08/15/2017,CPH,3.981963164
08/16/2017,CPH,3.981963164
08/17/2017,CPH,3.981963164
08/18/2017,CPH,3.981963164
08/21/2017,CPH,3.981963164
08/22/2017,CPH,3.981963164
08/23/2017,CPH,3.981963164
08/24/2017,CPH,3.981963164
08/25/2017,CPH,3.981963164
08/28/2017,CPH,3.981963164
08/29/2017,CPH,3.981963164
08/30/2017,CPH,3.981963164
08/31/2017,CPH,3.981963164
09/01/2017,CPH,3.981963164
09/05/2017,CPH,3.981963164
09/06/2017,CPH,3.981963164
09/07/2017,CPH,3.981963164
09/08/2017,CPH,3.981963164
09/11/2017,CPH,3.981963164
09/12/2017,CPH,3.981963164
09/13/2017,CPH,3.981963164
09/14/2017,CPH,3.981963164
09/15/2017,CPH,3.981963164
09/18/2017,CPH,3.981963164
09/19/2017,CPH,3.981963164
09/20/2017,CPH,3.981963164
09/21/2017,CPH,3.981963164
09/22/2017,CPH,3.981963164
09/25/2017,CPH,3.981963164
09/26/2017,CPH,3.981963164
09/27/2017,CPH,3.981963164
09/28/2017,CPH,3.981963164
09/29/2017,CPH,3.981963164
10/02/2017,CPH,3.981963164
10/03/2017,CPH,3.981963164
10/04/2017,CPH,3.981963164
10/05/2017,CPH,3.981963164
10/06/2017,CPH,3.981963164
10/09/2017,CPH,3.981963164
10/10/2017,CPH,3.981963164
10/11/2017,CPH,3.981963164
10/12/2017,CPH,3.981963164
10/13/2017,CPH,3.981963164
10/16/2017,CPH,3.981963164
10/17/2017,CPH,3.981963164
10/18/2017,CPH,3.981963164
10/19/2017,CPH,3.981963164
10/20/2017,CPH,3.981963164
10/23/2017,CPH,3.981963164
10/24/2017,CPH,3.981963164
10/25/2017,CPH,3.981963164
10/26/2017,CPH,3.981963164
10/27/2017,CPH,3.981963164
10/30/2017,CPH,3.981963164
10/31/2017,CPH,3.981963164
11/01/2017,CPH,3.981963164
11/02/2017,CPH,3.981963164
11/03/2017,CPH,3.981963164
11/06/2017,CPH,3.981963164
11/07/2017,CPH,3.981963164
11/08/2017,CPH,3.981963164
11/09/2017,CPH,3.981963164
11/10/2017,CPH,3.981963164
11/13/2017,CPH,3.981963164
11/14/2017,CPH,3.981963164
11/15/2017,CPH,3.981963164
11/16/2017,CPH,3.981963164
11/17/2017,CPH,3.981963164
11/20/2017,CPH,3.981963164
11/21/2017,CPH,3.981963164
11/22/2017,CPH,3.981963164
11/23/2017,CPH,3.981963164
11/24/2017,CPH,3.981963164
11/27/2017,CPH,3.981963164
11/28/2017,CPH,3.981963164
11/29/2017,CPH,3.981963164
11/30/2017,CPH,3.981963164
12/01/2017,CPH,3.981963164
12/04/2017,CPH,3.981963164
12/05/2017,CPH,3.981963164
12/06/2017,CPH,3.981963164
12/07/2017,CPH,3.981963164
12/08/2017,CPH,3.981963164
12/11/2017,CPH,3.981963164
12/12/2017,CPH,3.981963164
12/13/2017,CPH,3.981963164
12/14/2017,CPH,3.981963164
12/15/2017,CPH,3.981963164
12/18/2017,CPH,3.981963164
12/19/2017,CPH,3.981963164
12/20/2017,CPH,3.981963164
12/21/2017,CPH,3.981963164
12/22/2017,CPH,3.981963164
12/25/2017,CPH,3.981963164
12/26/2017,CPH,3.981963164
12/27/2017,CPH,3.981963164
12/28/2017,CPH,3.981963164
12/29/2017,CPH,3.981963164
01/02/2018,CPH,3.981963164
01/03/2018,CPH,3.981963164
01/04/2018,CPH,3.981963164
01/05/2018,CPH,3.981963164
01/08/2018,CPH,3.981963164
01/09/2018,CPH,3.981963164
01/10/2018,CPH,3.981963164
01/11/2018,CPH,3.981963164
01/12/2018,CPH,3.981963164
01/15/2018,CPH,3.981963164
01/16/2018,CPH,3.981963164
01/17/2018,CPH,3.981963164
01/18/2018,CPH,3.981963164
01/19/2018,CPH,3.981963164
01/22/2018,CPH,3.981963164
01/23/2018,CPH,3.981963164
01/24/2018,CPH,3.981963164
01/25/2018,CPH,3.981963164
01/26/2018,CPH,3.981963164
01/29/2018,CPH,3.981963164
01/30/2018,CPH,3.981963164
01/31/2018,CPH,3.981963164
02/01/2018,CPH,3.981963164
02/02/2018,CPH,3.981963164
02/05/2018,CPH,3.981963164
02/06/2018,CPH,3.981963164
02/07/2018,CPH,3.981963164
02/08/2018,CPH,3.981963164
02/09/2018,CPH,3.981963164
02/12/2018,CPH,3.981963164
02/13/2018,CPH,3.981963164
02/21/2018,CPH,3.981963164
02/22/2018,CPH,3.981963164
02/23/2018,CPH,3.981963164
02/26/2018,CPH,3.981963164
02/27/2018,CPH,3.981963164
02/28/2018,CPH,3.981963164
03/01/2018,CPH,3.981963164
03/02/2018,CPH,3.981963164
03/05/2018,CPH,3.981963164
03/06/2018,CPH,3.981963164
03/07/2018,CPH,3.981963164
03/08/2018,CPH,3.981963164
03/09/2018,CPH,3.981963164
03/12/2018,CPH,3.981963164
03/13/2018,CPH,3.981963164
03/14/2018,CPH,3.981963164
03/15/2018,CPH,3.981963164
03/16/2018,CPH,3.981963164
03/19/2018,CPH,3.981963164
03/20/2018,CPH,3.981963164
03/21/2018,CPH,3.981963164
03/22/2018,CPH,3.981963164
03/23/2018,CPH,3.981963164
03/26/2018,CPH,3.981963164
03/27/2018,CPH,3.981963164
03/28/2018,CPH,4.2259822191
03/29/2018,CPH,4.2259822191
03/30/2018,CPH,4.2259822191
04/02/2018,CPH,4.2259822191
04/03/2018,CPH,4.2259822191
04/04/2018,CPH,4.2259822191
04/05/2018,CPH,4.2259822191
04/06/2018,CPH,4.2259822191
04/09/2018,CPH,4.2259822191
04/10/2018,CPH,4.2259822191
04/11/2018,CPH,4.2259822191
04/12/2018,CPH,4.2259822191
04/13/2018,CPH,4.2259822191
04/16/2018,CPH,4.2259822191
04/17/2018,CPH,4.2259822191
04/18/2018,CPH,4.2259822191
04/19/2018,CPH,4.2259822191
04/20/2018,CPH,4.2259822191
04/23/2018,CPH,4.2259822191
04/24/2018,CPH,4.2259822191
04/26/2018,CPH,4.2259822191
04/27/2018,CPH,4.2259822191
05/02/2018,CPH,4.2259822191
05/03/2018,CPH,4.2259822191
05/04/2018,CPH,4.2259822191
05/07/2018,CPH,4.2259822191
05/08/2018,CPH,4.2259822191
05/09/2018,CPH,4.2259822191
05/10/2018,CPH,4.2259822191
05/11/2018,CPH,4.2259822191
05/14/2018,CPH,4.2259822191
05/15/2018,CPH,4.2259822191
05/16/2018,CPH,3.4113350443
05/17/2018,CPH,3.4113350443
05/18/2018,CPH,3.4113350443
05/21/2018,CPH,3.4113350443
05/22/2018,CPH,3.4113350443
05/23/2018,CPH,3.4113350443
05/24/2018,CPH,3.4113350443
05/25/2018,CPH,3.4113350443
05/28/2018,CPH,3.4113350443
05/29/2018,CPH,3.4113350443
05/30/2018,CPH,3.4113350443
05/31/2018,CPH,3.4113350443
06/01/2018,CPH,3.4113350443
06/04/2018,CPH,3.4113350443
06/05/2018,CPH,3.4113350443
06/06/2018,CPH,3.4113350443
06/07/2018,CPH,3.4113350443
06/08/2018,CPH,3.4113350443
06/11/2018,CPH,3.4113350443
06/12/2018,CPH,3.4113350443
06/13/2018,CPH,3.4113350443
06/14/2018,CPH,3.4113350443
06/15/2018,CPH,3.4113350443
06/18/2018,CPH,3.4113350443
06/19/2018,CPH,3.4113350443
06/20/2018,CPH,3.4113350443
06/21/2018,CPH,3.4113350443
06/22/2018,CPH,3.4113350443
06/25/2018,CPH,3.4113350443
06/26/2018,CPH,3.4113350443
06/27/2018,CPH,3.4113350443
06/29/2018,CPH,3.4113350443
07/02/2018,CPH,3.4113350443
07/03/2018,CPH,3.4113350443
07/04/2018,CPH,3.4113350443
07/05/2018,CPH,3.4113350443
07/06/2018,CPH,3.4113350443
07/09/2018,CPH,3.4113350443
07/10/2018,CPH,3.4113350443
07/11/2018,CPH,3.4113350443
07/12/2018,CPH,3.4113350443
07/13/2018,CPH,3.4113350443
07/16/2018,CPH,3.4113350443
07/17/2018,CPH,3.4113350443
07/18/2018,CPH,3.4113350443
07/19/2018,CPH,3.4113350443
07/20/2018,CPH,3.4113350443
07/23/2018,CPH,3.4113350443
07/24/2018,CPH,3.4113350443
07/25/2018,CPH,3.4113350443
07/26/2018,CPH,3.4113350443
07/27/2018,CPH,3.4113350443
07/30/2018,CPH,3.4113350443
07/31/2018,CPH,3.4113350443
08/01/2018,CPH,3.4113350443
08/02/2018,CPH,3.4113350443
08/03/2018,CPH,3.4113350443
08/06/2018,CPH,3.4113350443
08/07/2018,CPH,3.4113350443
08/08/2018,CPH,3.4113350443
08/09/2018,CPH,3.4113350443
08/10/2018,CPH,3.4113350443
08/13/2018,CPH,3.4113350443
06/28/2018,CPH,3.4113350443
08/14/2018,CPH,1.7477213689
08/15/2018,CPH,3.4113350443
08/16/2018,CPH,3.4113350443
08/17/2018,CPH,3.4113350443
08/20/2018,CPH,3.4113350443
08/21/2018,CPH,3.4113350443
08/22/2018,CPH,3.4113350443
08/23/2018,CPH,3.4113350443
08/24/2018,CPH,3.4113350443
08/27/2018,CPH,3.4113350443
08/28/2018,CPH,3.4113350443
08/29/2018,CPH,3.4113350443
08/30/2018,CPH,3.4113350443
08/31/2018,CPH,3.4113350443
09/04/2018,CPH,3.4113350443
09/05/2018,CPH,3.4113350443
09/06/2018,CPH,3.4113350443
09/07/2018,CPH,3.4113350443
09/10/2018,CPH,3.4113350443
09/11/2018,CPH,3.4113350443
09/12/2018,CPH,3.4113350443
09/13/2018,CPH,3.4113350443
09/14/2018,CPH,3.4113350443
09/17/2018,CPH,3.4113350443
09/18/2018,CPH,3.4113350443
09/19/2018,CPH,3.4113350443
09/20/2018,CPH,3.4113350443
09/21/2018,CPH,3.4113350443
09/24/2018,CPH,3.4113350443
09/25/2018,CPH,3.4113350443
09/26/2018,CPH,3.4113350443
09/27/2018,CPH,3.4113350443
09/28/2018,CPH,3.4113350443
10/01/2018,CPH,3.4113350443
10/02/2018,CPH,3.4113350443
10/03/2018,CPH,3.4113350443
10/04/2018,CPH,3.4113350443
10/05/2018,CPH,3.4113350443
10/08/2018,CPH,3.4113350443
10/09/2018,CPH,3.4113350443
10/10/2018,CPH,3.4113350443
10/11/2018,CPH,3.4113350443
10/12/2018,CPH,3.4113350443
10/15/2018,CPH,3.4113350443
10/16/2018,CPH,3.4113350443
10/17/2018,CPH,3.4113350443
10/18/2018,CPH,3.4113350443
10/19/2018,CPH,3.4113350443
10/22/2018,CPH,3.4113350443
10/23/2018,CPH,3.4113350443
10/24/2018,CPH,3.4113350443
10/25/2018,CPH,3.4113350443
10/26/2018,CPH,3.4113350443
10/29/2018,CPH,3.4113350443
10/30/2018,CPH,3.4113350443
10/31/2018,CPH,3.4113350443
11/01/2018,CPH,3.4113350443
11/02/2018,CPH,3.4113350443
11/05/2018,CPH,3.4113350443
11/06/2018,CPH,3.4113350443
11/07/2018,CPH,3.4113350443
11/08/2018,CPH,3.4113350443
11/09/2018,CPH,3.4113350443
11/12/2018,CPH,3.4113350443
11/13/2018,CPH,3.4113350443
11/14/2018,CPH,3.4113350443
11/15/2018,CPH,3.4113350443
11/16/2018,CPH,3.4113350443
11/19/2018,CPH,3.4113350443
11/20/2018,CPH,3.4113350443
11/21/2018,CPH,3.4113350443
11/22/2018,CPH,3.4113350443
11/23/2018,CPH,3.4113350443
11/26/2018,CPH,3.4113350443
11/27/2018,CPH,3.4113350443
11/28/2018,CPH,3.4113350443
11/29/2018,CPH,3.4113350443
11/30/2018,CPH,3.4113350443
12/03/2018,CPH,3.4113350443
12/04/2018,CPH,3.4113350443
12/05/2018,CPH,3.4113350443
12/06/2018,CPH,3.4113350443
12/07/2018,CPH,3.4113350443
12/10/2018,CPH,3.4113350443
12/11/2018,CPH,3.4113350443
12/12/2018,CPH,3.4113350443
12/13/2018,CPH,3.4113350443
12/14/2018,CPH,3.4113350443
12/17/2018,CPH,3.4113350443
12/18/2018,CPH,3.4113350443
12/19/2018,CPH,3.4113350443
12/20/2018,CPH,3.4113350443
12/21/2018,CPH,3.4113350443
12/24/2018,CPH,3.4113350443
12/25/2018,CPH,3.4113350443
12/26/2018,CPH,3.4113350443
12/27/2018,CPH,3.4113350443
12/28/2018,CPH,3.4113350443
01/02/2019,CPH,3.4113350443
01/03/2019,CPH,3.4113350443
01/04/2019,CPH,3.4113350443
01/07/2019,CPH,3.4113350443
01/08/2019,CPH,3.4113350443
01/09/2019,CPH,3.4113350443
01/10/2019,CPH,3.4113350443
01/11/2019,CPH,3.4113350443
01/14/2019,CPH,3.4113350443
01/15/2019,CPH,3.4113350443
01/16/2019,CPH,3.4113350443
01/17/2019,CPH,3.4113350443
01/18/2019,CPH,3.4113350443
01/21/2019,CPH,3.4113350443
01/22/2019,CPH,3.4113350443
01/23/2019,CPH,3.4113350443
01/24/2019,CPH,3.4113350443
01/25/2019,CPH,3.4113350443
01/28/2019,CPH,3.4113350443
01/29/2019,CPH,3.4113350443
01/30/2019,CPH,3.4113350443
01/31/2019,CPH,3.4113350443
02/01/2019,CPH,3.4113350443
02/11/2019,CPH,3.4113350443
02/12/2019,CPH,3.4113350443
02/13/2019,CPH,3.4113350443
02/14/2019,CPH,3.4113350443
02/15/2019,CPH,3.4113350443
02/18/2019,CPH,3.4113350443
02/19/2019,CPH,3.4113350443
02/20/2019,CPH,3.4113350443
02/21/2019,CPH,3.4113350443
02/22/2019,CPH,3.4113350443
02/25/2019,CPH,3.4113350443
02/26/2019,CPH,3.4113350443
02/27/2019,CPH,3.4113350443
02/28/2019,CPH,3.4113350443
03/01/2019,CPH,3.4113350443
03/04/2019,CPH,3.4113350443
03/05/2019,CPH,3.4113350443
03/06/2019,CPH,3.4113350443
03/07/2019,CPH,3.4113350443
03/08/2019,CPH,3.4113350443
03/11/2019,CPH,3.4113350443
03/12/2019,CPH,3.4113350443
03/13/2019,CPH,3.4113350443
03/14/2019,CPH,3.4113350443
03/15/2019,CPH,3.4113350443
03/18/2019,CPH,3.4113350443
03/19/2019,CPH,3.4113350443
03/20/2019,CPH,3.4113350443
03/21/2019,CPH,3.4113350443
03/22/2019,CPH,3.4113350443
03/25/2019,CPH,3.4113350443
03/26/2019,CPH,3.4113350443
03/27/2019,CPH,3.4113350443
03/28/2019,CPH,3.4113350443
03/29/2019,CPH,3.4113350443
04/01/2019,CPH,3.4113350443
04/02/2019,CPH,3.4113350443
04/03/2019,CPH,3.4113350443
04/04/2019,CPH,3.4113350443
04/05/2019,CPH,3.4113350443
04/08/2019,CPH,3.4113350443
04/09/2019,CPH,3.4113350443
04/10/2019,CPH,3.4113350443
04/11/2019,CPH,3.4113350443
04/12/2019,CPH,3.4113350443
04/16/2019,CPH,3.4113350443
04/17/2019,CPH,3.4113350443
04/18/2019,CPH,3.4113350443
04/19/2019,CPH,3.4113350443
04/22/2019,CPH,3.4113350443
04/23/2019,CPH,3.4113350443
04/24/2019,CPH,3.4113350443
04/25/2019,CPH,3.4113350443
04/26/2019,CPH,3.4113350443
05/02/2019,CPH,3.4113350443
05/03/2019,CPH,3.4113350443
05/06/2019,CPH,3.2658767727
05/07/2019,CPH,3.2658767727
05/08/2019,CPH,2.4859659016
05/09/2019,CPH,2.4859659016
05/10/2019,CPH,2.4859659016
05/13/2019,CPH,2.4859659016
05/14/2019,CPH,2.4859659016
05/15/2019,CPH,2.4859659016
05/16/2019,CPH,2.4859659016
05/17/2019,CPH,2.4859659016
05/20/2019,CPH,2.4859659016
05/21/2019,CPH,2.4859659016
05/22/2019,CPH,2.4859659016
05/23/2019,CPH,2.4859659016
05/24/2019,CPH,2.4859659016
05/27/2019,CPH,2.4859659016
05/28/2019,CPH,2.4859659016
05/29/2019,CPH,2.4859659016
05/30/2019,CPH,2.4859659016
05/31/2019,CPH,2.4859659016
06/03/2019,CPH,2.4859659016
06/04/2019,CPH,2.4859659016
06/05/2019,CPH,2.4859659016
06/06/2019,CPH,2.4859659016
06/07/2019,CPH,2.4859659016
06/10/2019,CPH,2.4859659016
06/11/2019,CPH,2.4859659016
06/12/2019,CPH,2.4859659016
06/13/2019,CPH,2.4859659016
06/14/2019,CPH,2.4859659016
06/18/2019,CPH,2.4859659016
06/19/2019,CPH,2.4859659016
06/20/2019,CPH,2.4859659016
06/21/2019,CPH,2.4859659016
06/24/2019,CPH,2.4859659016
06/25/2019,CPH,2.4859659016
06/26/2019,CPH,2.4859659016
06/27/2019,CPH,2.4859659016
06/28/2019,CPH,2.4859659016
07/01/2019,CPH,2.4859659016
07/02/2019,CPH,2.4859659016
07/03/2019,CPH,2.4859659016
07/04/2019,CPH,2.4859659016
07/05/2019,CPH,2.4859659016
07/08/2019,CPH,2.4859659016
07/09/2019,CPH,2.4859659016
07/10/2019,CPH,2.4859659016
07/11/2019,CPH,2.4859659016
07/12/2019,CPH,2.4859659016
07/16/2019,CPH,2.4859659016
07/17/2019,CPH,2.4859659016
07/18/2019,CPH,2.4859659016
07/19/2019,CPH,2.4859659016
07/22/2019,CPH,2.4859659016
07/23/2019,CPH,2.4859659016
07/24/2019,CPH,2.4859659016
07/25/2019,CPH,2.4859659016
07/26/2019,CPH,2.4859659016
07/29/2019,CPH,2.4859659016
07/30/2019,CPH,2.4859659016
07/31/2019,CPH,2.4859659016
08/01/2019,CPH,2.4859659016
08/02/2019,CPH,2.4859659016
08/05/2019,CPH,2.4859659016
08/06/2019,CPH,2.4859659016
08/07/2019,CPH,2.4859659016
08/08/2019,CPH,2.4859659016
08/09/2019,CPH,2.4859659016
08/12/2019,CPH,2.4859659016
08/13/2019,CPH,2.4859659016
08/14/2019,CPH,2.4859659016
08/15/2019,CPH,2.4859659016
08/16/2019,CPH,2.4859659016
08/19/2019,CPH,2.4859659016
08/20/2019,CPH,2.4859659016
08/21/2019,CPH,2.4859659016
08/22/2019,CPH,2.4859659016
08/23/2019,CPH,2.4859659016
08/26/2019,CPH,2.4859659016
08/27/2019,CPH,2.4859659016
08/28/2019,CPH,2.4859659016
07/15/2019,CPH,2.4859659016
06/17/2019,CPH,2.4859659016
08/29/2019,CPH,2.4859659016
08/30/2019,CPH,2.4859659016
09/03/2019,CPH,2.4859659016
09/04/2019,CPH,2.4859659016
09/05/2019,CPH,2.4859659016
09/06/2019,CPH,2.4859659016
09/09/2019,CPH,2.4859659016
09/10/2019,CPH,2.4859659016
09/11/2019,CPH,2.4859659016
09/12/2019,CPH,2.4859659016
09/13/2019,CPH,2.4859659016
09/16/2019,CPH,2.4859659016
09/17/2019,CPH,2.4859659016
09/18/2019,CPH,2.4859659016
09/19/2019,CPH,2.4859659016
09/20/2019,CPH,2.4859659016
09/23/2019,CPH,2.4859659016
09/24/2019,CPH,2.4859659016
09/25/2019,CPH,2.4859659016
09/26/2019,CPH,2.4859659016
09/27/2019,CPH,2.4859659016
09/30/2019,CPH,2.4859659016
10/01/2019,CPH,2.4859659016
10/02/2019,CPH,2.4859659016
10/03/2019,CPH,2.4859659016
10/04/2019,CPH,2.4859659016
10/07/2019,CPH,2.4859659016
10/08/2019,CPH,2.4859659016
10/09/2019,CPH,2.4859659016
10/10/2019,CPH,2.4859659016
10/11/2019,CPH,2.4859659016
10/14/2019,CPH,2.4859659016
10/15/2019,CPH,2.4859659016
10/16/2019,CPH,2.4859659016
10/17/2019,CPH,2.4859659016
10/18/2019,CPH,2.4859659016
10/21/2019,CPH,2.4859659016
10/22/2019,CPH,2.4859659016
10/23/2019,CPH,2.4859659016
10/24/2019,CPH,2.4859659016
10/25/2019,CPH,2.4859659016
10/28/2019,CPH,2.4859659016
10/29/2019,CPH,2.4859659016
10/30/2019,CPH,2.4859659016
10/31/2019,CPH,2.4859659016
11/01/2019,CPH,2.4859659016
11/04/2019,CPH,2.4859659016
11/05/2019,CPH,2.4859659016
11/06/2019,CPH,2.4859659016
11/07/2019,CPH,2.4859659016
11/08/2019,CPH,2.4859659016
11/11/2019,CPH,2.4859659016
11/12/2019,CPH,2.4859659016
11/13/2019,CPH,2.4859659016
11/14/2019,CPH,2.4859659016
11/15/2019,CPH,2.4859659016
11/18/2019,CPH,2.4859659016
11/19/2019,CPH,2.4859659016
11/20/2019,CPH,2.4859659016
11/21/2019,CPH,2.4859659016
11/22/2019,CPH,2.4859659016
11/25/2019,CPH,2.4859659016
11/26/2019,CPH,2.4859659016
11/27/2019,CPH,2.4859659016
11/28/2019,CPH,2.4859659016
11/29/2019,CPH,2.4859659016
12/02/2019,CPH,2.4859659016
12/03/2019,CPH,2.4859659016
12/04/2019,CPH,2.4859659016
12/05/2019,CPH,2.4859659016
12/06/2019,CPH,2.4859659016
12/09/2019,CPH,2.4859659016
12/10/2019,CPH,2.4859659016
12/11/2019,CPH,2.4859659016
12/12/2019,CPH,2.4859659016
12/13/2019,CPH,2.4859659016
12/16/2019,CPH,2.4859659016
12/17/2019,CPH,2.4859659016
12/18/2019,CPH,2.4859659016
12/19/2019,CPH,2.4859659016
12/20/2019,CPH,2.4859659016
12/23/2019,CPH,2.4859659016
12/24/2019,CPH,2.4859659016
12/25/2019,CPH,2.4859659016
12/26/2019,CPH,2.4859659016
12/27/2019,CPH,2.4859659016
12/30/2019,CPH,2.4859659016
12/31/2019,CPH,2.4859659016
01/02/2020,CPH,2.4859659016
01/03/2020,CPH,2.4859659016
01/06/2020,CPH,2.4859659016
01/07/2020,CPH,2.4859659016
01/08/2020,CPH,2.4859659016
01/09/2020,CPH,2.4859659016
01/10/2020,CPH,2.4859659016
01/13/2020,CPH,2.4859659016
01/14/2020,CPH,2.4859659016
01/15/2020,CPH,2.4859659016
01/16/2020,CPH,2.4859659016
01/17/2020,CPH,2.4859659016
01/20/2020,CPH,2.4859659016
01/21/2020,CPH,2.4859659016
01/22/2020,CPH,2.4859659016
01/30/2020,CPH,2.4859659016
01/31/2020,CPH,2.4859659016
02/03/2020,CPH,2.4859659016
02/04/2020,CPH,2.4859659016
02/05/2020,CPH,2.4859659016
02/06/2020,CPH,2.4859659016
02/07/2020,CPH,2.4859659016
02/10/2020,CPH,2.4859659016
02/11/2020,CPH,2.4859659016
02/12/2020,CPH,2.4859659016
02/13/2020,CPH,2.4859659016
02/14/2020,CPH,2.4859659016
02/17/2020,CPH,2.4859659016
02/18/2020,CPH,2.4859659016
02/19/2020,CPH,2.4859659016
02/20/2020,CPH,2.4859659016
02/21/2020,CPH,2.4859659016
02/24/2020,CPH,2.4859659016
02/25/2020,CPH,2.4859659016
02/26/2020,CPH,2.4859659016
02/27/2020,CPH,2.4859659016
02/28/2020,CPH,2.4859659016
03/02/2020,CPH,2.4859659016
03/03/2020,CPH,2.4859659016
03/04/2020,CPH,2.4859659016
03/05/2020,CPH,2.4859659016
03/06/2020,CPH,2.4859659016
03/09/2020,CPH,2.4859659016
03/10/2020,CPH,2.4859659016
03/11/2020,CPH,2.4859659016
03/12/2020,CPH,2.4859659016
03/13/2020,CPH,2.4859659016
03/16/2020,CPH,2.4859659016
03/17/2020,CPH,2.4859659016
03/18/2020,CPH,2.4859659016
03/19/2020,CPH,2.4762955893
03/20/2020,CPH,2.4762955893
03/23/2020,CPH,2.4762955893
03/24/2020,CPH,2.4762955893
03/25/2020,CPH,2.4762955893
03/26/2020,CPH,2.4762955893
03/27/2020,CPH,2.4762955893
03/30/2020,CPH,2.4762955893
03/31/2020,CPH,2.4762955893
04/01/2020,CPH,2.4762955893
04/03/2020,CPH,2.4762955893
04/06/2020,CPH,2.4762955893
04/07/2020,CPH,2.4762955893
04/08/2020,CPH,2.4762955893
04/09/2020,CPH,2.4762955893
04/10/2020,CPH,2.4762955893
04/13/2020,CPH,2.4762955893
04/14/2020,CPH,2.4762955893
04/15/2020,CPH,2.4762955893
04/16/2020,CPH,2.4762955893
04/17/2020,CPH,2.4762955893
04/20/2020,CPH,2.4762955893
04/21/2020,CPH,2.4762955893
04/22/2020,CPH,2.4762955893
04/23/2020,CPH,2.4762955893
04/24/2020,CPH,2.4762955893
04/27/2020,CPH,2.4762955893
04/28/2020,CPH,2.4762955893
04/29/2020,CPH,2.4762955893
05/04/2020,CPH,2.4762955893
05/05/2020,CPH,2.4762955893
05/06/2020,CPH,2.4762955893
05/07/2020,CPH,2.4762955893
05/08/2020,CPH,2.4762955893
05/11/2020,CPH,2.4762955893
05/12/2020,CPH,2.4762955893
05/13/2020,CPH,2.4762955893
05/14/2020,CPH,2.4762955893
05/15/2020,CPH,2.4762955893
05/18/2020,CPH,2.4762955893
05/19/2020,CPH,2.4762955893
05/20/2020,CPH,2.4762955893
05/21/2020,CPH,2.4762955893
05/22/2020,CPH,2.4762955893
05/25/2020,CPH,2.4762955893
05/26/2020,CPH,2.4762955893
05/27/2020,CPH,2.4762955893
05/28/2020,CPH,2.4762955893
05/29/2020,CPH,2.4762955893
06/01/2020,CPH,2.4762955893
06/02/2020,CPH,2.4762955893
06/03/2020,CPH,2.4762955893
06/04/2020,CPH,2.4762955893
06/05/2020,CPH,2.4762955893
06/08/2020,CPH,2.4762955893
06/09/2020,CPH,2.4762955893
06/10/2020,CPH,2.4762955893
06/11/2020,CPH,2.4762955893
06/12/2020,CPH,2.4762955893
06/15/2020,CPH,2.4762955893
06/16/2020,CPH,2.4762955893
06/17/2020,CPH,2.4762955893
06/18/2020,CPH,2.4762955893
06/19/2020,CPH,2.4762955893
06/22/2020,CPH,2.4762955893
06/23/2020,CPH,2.4762955893
06/24/2020,CPH,2.4762955893
06/25/2020,CPH,2.4762955893
06/26/2020,CPH,2.4762955893
06/29/2020,CPH,2.4762955893
06/30/2020,CPH,2.4762955893
07/01/2020,CPH,2.4762955893
07/02/2020,CPH,2.4762955893
07/03/2020,CPH,1.6994185417
07/06/2020,CPH,1.6994185417
07/07/2020,CPH,1.6994185417
07/08/2020,CPH,1.6994185417
07/09/2020,CPH,1.6994185417
07/10/2020,CPH,1.6994185417
07/13/2020,CPH,1.6994185417
07/14/2020,CPH,1.6994185417
07/15/2020,CPH,1.6994185417
07/16/2020,CPH,1.6994185417
07/17/2020,CPH,1.6994185417
07/20/2020,CPH,1.6994185417
07/21/2020,CPH,1.6994185417
07/22/2020,CPH,1.6994185417
07/23/2020,CPH,1.6994185417
07/24/2020,CPH,1.6994185417
07/27/2020,CPH,1.6994185417
07/28/2020,CPH,1.6994185417
07/29/2020,CPH,1.6994185417
07/30/2020,CPH,1.6994185417
07/31/2020,CPH,1.6994185417
08/03/2020,CPH,1.6994185417
08/04/2020,CPH,1.6994185417
08/05/2020,CPH,1.6994185417
08/06/2020,CPH,1.6994185417
08/07/2020,CPH,1.6994185417
08/10/2020,CPH,1.6994185417
08/11/2020,CPH,1.6994185417
08/12/2020,CPH,1.6994185417
08/13/2020,CPH,1.6994185417
08/14/2020,CPH,1.6994185417
08/17/2020,CPH,1.6994185417
08/18/2020,CPH,1.6994185417
08/19/2020,CPH,1.6994185417
08/20/2020,CPH,1.6994185417
08/21/2020,CPH,1.6994185417
08/24/2020,CPH,1.6994185417
08/25/2020,CPH,1.6994185417
08/26/2020,CPH,1.6994185417
08/27/2020,CPH,1.6994185417
08/28/2020,CPH,1.6994185417
08/31/2020,CPH,1.6994185417
09/01/2020,CPH,1.6994185417
09/03/2020,CPH,1.6994185417
09/04/2020,CPH,1.6994185417
09/07/2020,CPH,1.6994185417
09/08/2020,CPH,1.6994185417
09/09/2020,CPH,1.6994185417
09/10/2020,CPH,1.6994185417
09/11/2020,CPH,1.6994185417
09/14/2020,CPH,1.6994185417
09/15/2020,CPH,1.6994185417
09/16/2020,CPH,1.6994185417
09/17/2020,CPH,1.6994185417
09/18/2020,CPH,1.6994185417
09/21/2020,CPH,1.6994185417
09/22/2020,CPH,1.6994185417
09/23/2020,CPH,1.6994185417
09/24/2020,CPH,1.6994185417
09/25/2020,CPH,1.6994185417
09/28/2020,CPH,1.6994185417
09/29/2020,CPH,1.6994185417
09/30/2020,CPH,1.6994185417
10/01/2020,CPH,1.6994185417
10/02/2020,CPH,1.6994185417
10/05/2020,CPH,1.6994185417
10/06/2020,CPH,1.6994185417
10/07/2020,CPH,1.6994185417
10/08/2020,CPH,1.6994185417
10/09/2020,CPH,1.6994185417
10/12/2020,CPH,1.6994185417
10/13/2020,CPH,1.6994185417
10/14/2020,CPH,1.6994185417
10/15/2020,CPH,1.6994185417
10/16/2020,CPH,1.6994185417
10/19/2020,CPH,1.6994185417
10/20/2020,CPH,1.6994185417
10/21/2020,CPH,1.6994185417
10/22/2020,CPH,1.6994185417
10/23/2020,CPH,1.6994185417
10/26/2020,CPH,1.6994185417
10/27/2020,CPH,1.6994185417
10/28/2020,CPH,1.6994185417
10/29/2020,CPH,1.6994185417
10/30/2020,CPH,1.6994185417
11/02/2020,CPH,1.6994185417
11/03/2020,CPH,1.6994185417
11/04/2020,CPH,1.6994185417
11/05/2020,CPH,1.6994185417
11/06/2020,CPH,1.6994185417
11/09/2020,CPH,1.6994185417
11/10/2020,CPH,1.6994185417
11/11/2020,CPH,1.6994185417
11/12/2020,CPH,1.6994185417
11/13/2020,CPH,1.6994185417
11/16/2020,CPH,1.6994185417
11/17/2020,CPH,1.6994185417
11/18/2020,CPH,1.6994185417
11/19/2020,CPH,1.6994185417
11/20/2020,CPH,1.6994185417
11/23/2020,CPH,1.6994185417
11/24/2020,CPH,1.6994185417
11/25/2020,CPH,1.6994185417
11/26/2020,CPH,1.6994185417
11/27/2020,CPH,1.6994185417
11/30/2020,CPH,1.6994185417
12/01/2020,CPH,1.6994185417
12/02/2020,CPH,1.6994185417
12/03/2020,CPH,1.6994185417
12/04/2020,CPH,1.6994185417
12/07/2020,CPH,1.6994185417
12/08/2020,CPH,1.6994185417
12/09/2020,CPH,1.6994185417
12/10/2020,CPH,1.6994185417
12/11/2020,CPH,1.6994185417
12/14/2020,CPH,1.6994185417
12/15/2020,CPH,1.6994185417
12/16/2020,CPH,1.6994185417
12/17/2020,CPH,1.6994185417
12/18/2020,CPH,1.6994185417
12/21/2020,CPH,1.6994185417
12/22/2020,CPH,1.6994185417
12/23/2020,CPH,1.6994185417
12/24/2020,CPH,1.6994185417
12/25/2020,CPH,1.6994185417
12/28/2020,CPH,1.6994185417
12/29/2020,CPH,1.6994185417
12/30/2020,CPH,1.6994185417
12/31/2020,CPH,1.6994185417
01/04/2021,CPH,1.6994185417
01/05/2021,CPH,1.6994185417
01/06/2021,CPH,1.6994185417
01/07/2021,CPH,1.6994185417
01/08/2021,CPH,1.6994185417
01/11/2021,CPH,1.6994185417
01/12/2021,CPH,1.6994185417
01/13/2021,CPH,1.6994185417
01/14/2021,CPH,1.6994185417
01/15/2021,CPH,1.6994185417
01/18/2021,CPH,1.6994185417
01/19/2021,CPH,1.6994185417
01/20/2021,CPH,1.6994185417
01/21/2021,CPH,1.6994185417
01/22/2021,CPH,1.6994185417
01/25/2021,CPH,1.6994185417
01/26/2021,CPH,1.6994185417
01/27/2021,CPH,1.6994185417
01/28/2021,CPH,1.6994185417
01/29/2021,CPH,1.6994185417
02/01/2021,CPH,1.6994185417
02/02/2021,CPH,1.6994185417
02/03/2021,CPH,1.6994185417
02/04/2021,CPH,1.6994185417
02/05/2021,CPH,1.6994185417
02/08/2021,CPH,1.6994185417
02/09/2021,CPH,1.6994185417
02/17/2021,CPH,1.6994185417
02/18/2021,CPH,1.6994185417
02/19/2021,CPH,1.6994185417
02/22/2021,CPH,1.6994185417
02/23/2021,CPH,1.6994185417
02/24/2021,CPH,1.6994185417
02/25/2021,CPH,1.6994185417
02/26/2021,CPH,1.6994185417
03/01/2021,CPH,1.6994185417
03/02/2021,CPH,1.6994185417
03/03/2021,CPH,1.6994185417
03/04/2021,CPH,1.6990106965
03/05/2021,CPH,1.6990106965
03/08/2021,CPH,1.6990106965
03/09/2021,CPH,1.6990106965
03/10/2021,CPH,1.6990106965
03/11/2021,CPH,1.6990106965
03/12/2021,CPH,1.6990106965
03/15/2021,CPH,1.6990106965
03/16/2021,CPH,1.6990106965
03/17/2021,CPH,1.6990106965
03/18/2021,CPH,1.6990106965
03/19/2021,CPH,1.6990106965
03/22/2021,CPH,1.6990106965
03/23/2021,CPH,1.6990106965
03/24/2021,CPH,1.6990106965
03/25/2021,CPH,1.6990106965
03/26/2021,CPH,1.6990106965
03/29/2021,CPH,1.6990106965
03/30/2021,CPH,1.6990106965
03/31/2021,CPH,1.6990106965
04/01/2021,CPH,1.6990106965
04/02/2021,CPH,1.6990106965
04/05/2021,CPH,1.6990106965
04/06/2021,CPH,1.6990106965
04/07/2021,CPH,1.6990106965
04/08/2021,CPH,1.6990106965
04/09/2021,CPH,1.6990106965
04/12/2021,CPH,1.6990106965
04/13/2021,CPH,1.6990106965
04/14/2021,CPH,1.6990106965
04/15/2021,CPH,1.6990106965
04/16/2021,CPH,1.6990106965
04/19/2021,CPH,1.6990106965
04/20/2021,CPH,1.6990106965
04/22/2021,CPH,1.6990106965
04/23/2021,CPH,1.6990106965
04/26/2021,CPH,1.6990106965
04/27/2021,CPH,1.6990106965
04/28/2021,CPH,1.6990106965
04/29/2021,CPH,1.6990106965
05/04/2021,CPH,1.6990106965
05/05/2021,CPH,1.6990106965
05/06/2021,CPH,1.6990106965
05/07/2021,CPH,1.6990106965
05/10/2021,CPH,1.6990106965
05/11/2021,CPH,1.6990106965
05/12/2021,CPH,1.6990106965
05/13/2021,CPH,1.6990106965
05/14/2021,CPH,1.6990106965
05/17/2021,CPH,1.6990106965
05/18/2021,CPH,1.6990106965
05/19/2021,CPH,1.6990106965
05/20/2021,CPH,0.9223200924
05/21/2021,CPH,0.9223200924
05/24/2021,CPH,0.9223200924
05/25/2021,CPH,0.9223200924
05/26/2021,CPH,0.9223200924
05/27/2021,CPH,0.9223200924
05/28/2021,CPH,0.9223200924
05/31/2021,CPH,0.9223200924
06/01/2021,CPH,0.9223200924
06/02/2021,CPH,0.9223200924
06/03/2021,CPH,0.9223200924
06/04/2021,CPH,0.9223200924
06/07/2021,CPH,0.9223200924
06/08/2021,CPH,0.9223200924
06/09/2021,CPH,0.9223200924
06/10/2021,CPH,0.9223200924
06/11/2021,CPH,0.9223200924
06/14/2021,CPH,0.9223200924
06/15/2021,CPH,0.9223200924
06/16/2021,CPH,0.9223200924
06/17/2021,CPH,0.9223200924
06/18/2021,CPH,0.9223200924
06/21/2021,CPH,0.9223200924
06/22/2021,CPH,0.9223200924
06/23/2021,CPH,0.9223200924
06/24/2021,CPH,0.9223200924
06/25/2021,CPH,0.9223200924
06/28/2021,CPH,0.9223200924
06/29/2021,CPH,0.9223200924
06/30/2021,CPH,0.9223200924
07/01/2021,CPH,0.9223200924
07/02/2021,CPH,0.9223200924
07/05/2021,CPH,0.9223200924
07/06/2021,CPH,0.9223200924
07/07/2021,CPH,0.9223200924
07/08/2021,CPH,0.9223200924
07/09/2021,CPH,0.9223200924
07/12/2021,CPH,0.9223200924
07/13/2021,CPH,0.9223200924
07/14/2021,CPH,0.9223200924
07/15/2021,CPH,0.9223200924
07/16/2021,CPH,0.9223200924
07/19/2021,CPH,0.9223200924
07/20/2021,CPH,0.9223200924
07/21/2021,CPH,0.9223200924
07/22/2021,CPH,0.9223200924
07/23/2021,CPH,0.9223200924
07/26/2021,CPH,0.9223200924
07/27/2021,CPH,0.9223200924
07/28/2021,CPH,0.9223200924
07/29/2021,CPH,0.9223200924
07/30/2021,CPH,0.9223200924
08/02/2021,CPH,0.9223200924
08/03/2021,CPH,0.9223200924
08/04/2021,CPH,0.9223200924
08/05/2021,CPH,0.9223200924
08/06/2021,CPH,0.9223200924
08/09/2021,CPH,0.9223200924
08/10/2021,CPH,0.9223200924
08/11/2021,CPH,0.9223200924
08/12/2021,CPH,0.9223200924
08/13/2021,CPH,0.9223200924
08/16/2021,CPH,0.9223200924
08/17/2021,CPH,0.9223200924
08/18/2021,CPH,0.9223200924
08/20/2021,CPH,0.9223200924
08/23/2021,CPH,0.9223200924
08/24/2021,CPH,0.9223200924
08/25/2021,CPH,0.9223200924
08/26/2021,CPH,0.9223200924
08/27/2021,CPH,0.9223200924
08/31/2021,CPH,0.9223200924
09/01/2021,CPH,0.9223200924
09/06/2021,CPH,0.9223200924
09/07/2021,CPH,0.9223200924
09/08/2021,CPH,0.9223200924
09/09/2021,CPH,0.9223200924
09/10/2021,CPH,0.9223200924
09/13/2021,CPH,0.9223200924
09/14/2021,CPH,0.9223200924
09/15/2021,CPH,0.9223200924
09/16/2021,CPH,0.9223200924
09/17/2021,CPH,0.9223200924
09/20/2021,CPH,0.9223200924
09/21/2021,CPH,0.9223200924
09/22/2021,CPH,0.9223200924
09/23/2021,CPH,0.9223200924
09/24/2021,CPH,0.9223200924
09/27/2021,CPH,0.9223200924
09/28/2021,CPH,0.9223200924
09/29/2021,CPH,0.9223200924
09/30/2021,CPH,0.9223200924
10/01/2021,CPH,0.9223200924
10/04/2021,CPH,0.9223200924
10/05/2021,CPH,0.9223200924
10/06/2021,CPH,0.9223200924
10/07/2021,CPH,0.9223200924
10/08/2021,CPH,0.9223200924
10/11/2021,CPH,0.9223200924
10/12/2021,CPH,0.9223200924
10/13/2021,CPH,0.9223200924
10/14/2021,CPH,0.9223200924
10/15/2021,CPH,0.9223200924
08/30/2021,CPH,0.9223200924
08/19/2021,CPH,0.9223200924
10/18/2021,CPH,0.9223200924
10/19/2021,CPH,0.9223200924
10/20/2021,CPH,0.9223200924
10/21/2021,CPH,0.9223200924
10/22/2021,CPH,0.9223200924
10/25/2021,CPH,0.9223200924
10/26/2021,CPH,0.9223200924
10/27/2021,CPH,0.9223200924
10/28/2021,CPH,0.9223200924
10/29/2021,CPH,0.9223200924
11/01/2021,CPH,0.9223200924
11/02/2021,CPH,0.9223200924
11/03/2021,CPH,0.9223200924
11/04/2021,CPH,0.9223200924
11/05/2021,CPH,0.9223200924
11/08/2021,CPH,0.9223200924
11/09/2021,CPH,0.9223200924
11/10/2021,CPH,0.9223200924
11/11/2021,CPH,0.9223200924
11/12/2021,CPH,0.9223200924
11/15/2021,CPH,0.9223200924
11/16/2021,CPH,0.9223200924
11/17/2021,CPH,0.9223200924
11/18/2021,CPH,0.9223200924
11/19/2021,CPH,0.9223200924
11/22/2021,CPH,0.9223200924
11/23/2021,CPH,0.9223200924
11/24/2021,CPH,0.9223200924
11/25/2021,CPH,0.9223200924
11/26/2021,CPH,0.9223200924
11/29/2021,CPH,0.9223200924
11/30/2021,CPH,0.9223200924
12/01/2021,CPH,0.9223200924
12/02/2021,CPH,0.9223200924
12/03/2021,CPH,0.9223200924
12/06/2021,CPH,0.9223200924
12/07/2021,CPH,0.9223200924
12/08/2021,CPH,0.9223200924
12/09/2021,CPH,0.9223200924
12/10/2021,CPH,0.9223200924
12/13/2021,CPH,0.9223200924
12/14/2021,CPH,0.9223200924
12/15/2021,CPH,0.9223200924
12/16/2021,CPH,0.9223200924
12/17/2021,CPH,0.9223200924
12/20/2021,CPH,0.9223200924
12/21/2021,CPH,0.9223200924
12/22/2021,CPH,0.9223200924
12/23/2021,CPH,0.9223200924
12/24/2021,CPH,0.9223200924
12/27/2021,CPH,0.9223200924
12/28/2021,CPH,0.9223200924
12/29/2021,CPH,0.9223200924
12/30/2021,CPH,0.9223200924
12/31/2021,CPH,0.9223200924
01/04/2022,CPH,0.9223200924
01/05/2022,CPH,0.9223200924
01/06/2022,CPH,0.9223200924
01/07/2022,CPH,0.9223200924
01/10/2022,CPH,0.9223200924
01/11/2022,CPH,0.9223200924
01/12/2022,CPH,0.9223200924
01/13/2022,CPH,0.9223200924
01/14/2022,CPH,0.9223200924
01/17/2022,CPH,0.9223200924
01/18/2022,CPH,0.9223200924
01/19/2022,CPH,0.9223200924
01/20/2022,CPH,0.9223200924
01/21/2022,CPH,0.9223200924
01/24/2022,CPH,0.9223200924
01/25/2022,CPH,0.9223200924
01/26/2022,CPH,0.9223200924
01/27/2022,CPH,0.9223200924
01/28/2022,CPH,0.9223200924
02/07/2022,CPH,0.9223200924
02/08/2022,CPH,0.9223200924
02/09/2022,CPH,0.9223200924
02/10/2022,CPH,0.9223200924
02/11/2022,CPH,0.9223200924
02/14/2022,CPH,0.9223200924
02/15/2022,CPH,0.9223200924
02/16/2022,CPH,0.9223200924
02/17/2022,CPH,0.9223200924
02/18/2022,CPH,0.9223200924
02/21/2022,CPH,0.9223200924
02/22/2022,CPH,0.9223200924
02/23/2022,CPH,0.9223200924
02/24/2022,CPH,0.9223200924
02/25/2022,CPH,0.9223200924
02/28/2022,CPH,0.9223200924
03/01/2022,CPH,0.9223200924
03/02/2022,CPH,0.9223200924
03/03/2022,CPH,0.9223200924
03/04/2022,CPH,0.9223200924
03/07/2022,CPH,0.9223200924
03/08/2022,CPH,0.9223200924
03/09/2022,CPH,0.9223200924
03/10/2022,CPH,0.9223200924
03/11/2022,CPH,0.9223200924
03/14/2022,CPH,0.9223200924
03/15/2022,CPH,0.9223200924
03/16/2022,CPH,0.9223200924
03/17/2022,CPH,0.9223200924
03/18/2022,CPH,0.9223200924
03/22/2022,CPH,0.9253487234
03/23/2022,CPH,0.9253487234
03/24/2022,CPH,0.9253487234
03/25/2022,CPH,0.9253487234
03/28/2022,CPH,0.9253487234
03/29/2022,CPH,0.9253487234
03/30/2022,CPH,0.9253487234
03/31/2022,CPH,0.9253487234
04/01/2022,CPH,0.9253487234
04/04/2022,CPH,0.9253487234
04/05/2022,CPH,0.9253487234
04/06/2022,CPH,0.9253487234
04/07/2022,CPH,0.9253487234
04/08/2022,CPH,0.9253487234
04/12/2022,CPH,0.9253487234
04/13/2022,CPH,0.9253487234
04/14/2022,CPH,0.9253487234
04/15/2022,CPH,0.9253487234
04/18/2022,CPH,0.9253487234
04/19/2022,CPH,0.9253487234
04/20/2022,CPH,0.9253487234
04/21/2022,CPH,0.9253487234
04/22/2022,CPH,0.9253487234
04/25/2022,CPH,0.9253487234
04/26/2022,CPH,0.9253487234
04/27/2022,CPH,0.9253487234
04/28/2022,CPH,0.9253487234
04/29/2022,CPH,0.9253487234
05/04/2022,CPH,0.9253487234
05/05/2022,CPH,0.9253487234
05/06/2022,CPH,0.9253487234
05/09/2022,CPH,0.9253487234
05/10/2022,CPH,0.9253487234
05/11/2022,CPH,0.9253487234
05/12/2022,CPH,0.9253487234
05/13/2022,CPH,0.9253487234
05/16/2022,CPH,0.9253487234
05/17/2022,CPH,0.9253487234
05/18/2022,CPH,0.9253487234
05/19/2022,CPH,0.9253487234
05/20/2022,CPH,0.9253487234
05/23/2022,CPH,0.1461076932
05/24/2022,CPH,0.1461076932
05/25/2022,CPH,0.1461076932
05/26/2022,CPH,0.1461076932
05/27/2022,CPH,0.1461076932
05/30/2022,CPH,0.1461076932
05/31/2022,CPH,0.1461076932
06/01/2022,CPH,0.1461076932
06/02/2022,CPH,0.1461076932
06/03/2022,CPH,0.1461076932
06/06/2022,CPH,0.1461076932
06/07/2022,CPH,0.1461076932
06/08/2022,CPH,0.1461076932
06/09/2022,CPH,0.1461076932
06/10/2022,CPH,0.1461076932
06/13/2022,CPH,0.1461076932
06/14/2022,CPH,0.1461076932
06/15/2022,CPH,0.1461076932
06/16/2022,CPH,0.1461076932
06/17/2022,CPH,0.1461076932
06/20/2022,CPH,0.1461076932
06/21/2022,CPH,0.1461076932
06/22/2022,CPH,0.1461076932
06/23/2022,CPH,0.1461076932
06/24/2022,CPH,0.1461076932
06/27/2022,CPH,0.1461076932
06/28/2022,CPH,0.1461076932
06/29/2022,CPH,0.1461076932
06/30/2022,CPH,0.1461076932
07/01/2022,CPH,0.1461076932
07/05/2022,CPH,0.1461076932
07/06/2022,CPH,0.1461076932
07/08/2022,CPH,0.1461076932
07/11/2022,CPH,0.1461076932
07/12/2022,CPH,0.1461076932
07/13/2022,CPH,0.1461076932
07/14/2022,CPH,0.1461076932
07/15/2022,CPH,0.1461076932
07/18/2022,CPH,0.1461076932
07/19/2022,CPH,0.1461076932
07/20/2022,CPH,0.1461076932
07/21/2022,CPH,0.1461076932
07/22/2022,CPH,0.1461076932
07/25/2022,CPH,0.1461076932
07/26/2022,CPH,0.1461076932
07/27/2022,CPH,0.1461076932
07/28/2022,CPH,0.1461076932
07/29/2022,CPH,0.1461076932
08/01/2022,CPH,0.1461076932
08/03/2022,CPH,0.1461076932
08/04/2022,CPH,0.1461076932
08/05/2022,CPH,0.1461076932
08/08/2022,CPH,0.1461076932
08/09/2022,CPH,0.1461076932
08/10/2022,CPH,0.1461076932
08/11/2022,CPH,0.1461076932
08/15/2022,CPH,0.1461076932
08/16/2022,CPH,0.1461076932
08/17/2022,CPH,0.1461076932
08/18/2022,CPH,0.1461076932
08/19/2022,CPH,0.1461076932
08/22/2022,CPH,0.1461076932
08/23/2022,CPH,0.1461076932
08/24/2022,CPH,0.1461076932
08/25/2022,CPH,0.1461076932
08/26/2022,CPH,0.1461076932
08/29/2022,CPH,0.1461076932
08/30/2022,CPH,0.1461076932
08/31/2022,CPH,0.1461076932
09/05/2022,CPH,0.1461076932
09/06/2022,CPH,0.1461076932
09/07/2022,CPH,0.1461076932
09/08/2022,CPH,0.1461076932
09/09/2022,CPH,0.1461076932
09/12/2022,CPH,0.1461076932
09/13/2022,CPH,0.1461076932
09/14/2022,CPH,0.1461076932
09/15/2022,CPH,0.1461076932
09/16/2022,CPH,0.1461076932
09/19/2022,CPH,0.1461076932
09/20/2022,CPH,0.1461076932
09/21/2022,CPH,0.1461076932
09/22/2022,CPH,0.1461076932
09/23/2022,CPH,0.1461076932
09/26/2022,CPH,0.1461076932
09/28/2022,CPH,0.1461076932
09/29/2022,CPH,0.1461076932
09/30/2022,CPH,0.1461076932
10/03/2022,CPH,0.1461076932
10/04/2022,CPH,0.1461076932
10/05/2022,CPH,0.1461076932
10/06/2022,CPH,0.1461076932
10/07/2022,CPH,0.1461076932
10/10/2022,CPH,0.1461076932
10/11/2022,CPH,0.1461076932
10/12/2022,CPH,0.1461076932
10/13/2022,CPH,0.1461076932
10/14/2022,CPH,0.1461076932
10/17/2022,CPH,0.1461076932
10/19/2022,CPH,0.1461076932
10/20/2022,CPH,0.1461076932
10/21/2022,CPH,0.1461076932
10/24/2022,CPH,0.1461076932
10/25/2022,CPH,0.1461076932
10/26/2022,CPH,0.1461076932
10/27/2022,CPH,0.1461076932
10/28/2022,CPH,0.1461076932
10/31/2022,CPH,0.1461076932
11/01/2022,CPH,0.1461076932
11/02/2022,CPH,0.1461076932
11/03/2022,CPH,0.1461076932
11/04/2022,CPH,0.1461076932
11/07/2022,CPH,0.1461076932
11/08/2022,CPH,0.1461076932
11/09/2022,CPH,0.1461076932
11/10/2022,CPH,0.1461076932
11/11/2022,CPH,0.1461076932
11/14/2022,CPH,0.1461076932
11/15/2022,CPH,0.1461076932
11/16/2022,CPH,0.1461076932
11/17/2022,CPH,0.1461076932
11/18/2022,CPH,0.1461076932
11/21/2022,CPH,0.1461076932
11/22/2022,CPH,0.1461076932
11/23/2022,CPH,0.1461076932
11/24/2022,CPH,0.1461076932
11/25/2022,CPH,0.1461076932
11/28/2022,CPH,0.1461076932
11/29/2022,CPH,0.1461076932
11/30/2022,CPH,0.1461076932
12/01/2022,CPH,0.1461076932
10/18/2022,CPH,0.1461076932
09/27/2022,CPH,0.1461076932
08/12/2022,CPH,0.1461076932
08/02/2022,CPH,0.1461076932
07/07/2022,CPH,0.1461076932
07/04/2022,CPH,0.1461076932
12/02/2022,CPH,0.1461076932
12/05/2022,CPH,0.1461076932
12/06/2022,CPH,0.1461076932
12/07/2022,CPH,0.1461076932
12/08/2022,CPH,0.1461076932
12/09/2022,CPH,0.1461076932
12/12/2022,CPH,0.1461076932
12/13/2022,CPH,0.1461076932
12/14/2022,CPH,0.1461076932
12/15/2022,CPH,0.1461076932
12/16/2022,CPH,0.1461076932
12/19/2022,CPH,0.1461076932
12/20/2022,CPH,0.1461076932
12/21/2022,CPH,0.1461076932
12/22/2022,CPH,0.1461076932
12/23/2022,CPH,0.1461076932
12/26/2022,CPH,0.1461076932
12/27/2022,CPH,0.1461076932
12/28/2022,CPH,0.1461076932
12/29/2022,CPH,0.1461076932
12/30/2022,CPH,0.1461076932
01/03/2023,CPH,0.1461076932
01/04/2023,CPH,0.1461076932
01/05/2023,CPH,0.1461076932
01/06/2023,CPH,0.1461076932
01/09/2023,CPH,0.1461076932
01/10/2023,CPH,0.1461076932
01/11/2023,CPH,0.1461076932
01/12/2023,CPH,0.1461076932
01/13/2023,CPH,0.1461076932
01/16/2023,CPH,0.1461076932
01/17/2023,CPH,0.1461076932
01/18/2023,CPH,0.1461076932
01/19/2023,CPH,0.1461076932
01/27/2023,CPH,0.1461076932
01/30/2023,CPH,0.1461076932
01/31/2023,CPH,0.1461076932
02/01/2023,CPH,0.1461076932
02/02/2023,CPH,0.1461076932
02/03/2023,CPH,0.1461076932
02/06/2023,CPH,0.1461076932
02/07/2023,CPH,0.1461076932
02/08/2023,CPH,0.1461076932
02/09/2023,CPH,0.1461076932
02/10/2023,CPH,0.1461076932
02/13/2023,CPH,0.1461076932
02/14/2023,CPH,0.1222010721
02/15/2023,CPH,0.1222010721
02/16/2023,CPH,0.1222010721
02/17/2023,CPH,0.1222010721
02/20/2023,CPH,0.1222010721
02/21/2023,CPH,0.1222010721
02/22/2023,CPH,0.1222010721
02/23/2023,CPH,0.1222010721
02/24/2023,CPH,0.1222010721
02/27/2023,CPH,0.1222010721
02/28/2023,CPH,0.1222010721
03/01/2023,CPH,0.1222010721
03/02/2023,CPH,0.1222010721
03/03/2023,CPH,0.1222010721
03/06/2023,CPH,0.1222010721
03/07/2023,CPH,0.1222010721
03/08/2023,CPH,0.1222010721
03/09/2023,CPH,0.1222010721
03/10/2023,CPH,0.1222010721
03/13/2023,CPH,0.1222010721
03/14/2023,CPH,0.1222010721
03/15/2023,CPH,0.1222010721
03/16/2023,CPH,0.1222010721
03/17/2023,CPH,0.1222010721
03/20/2023,CPH,0.1222010721
03/21/2023,CPH,0.1222010721
03/22/2023,CPH,0.1222010721
03/23/2023,CPH,0.1222010721
03/24/2023,CPH,0.1222010721
03/27/2023,CPH,0.1222010721
03/28/2023,CPH,0.1222010721
03/29/2023,CPH,0.1222010721
03/30/2023,CPH,0.1222010721
03/31/2023,CPH,0.1222010721
04/03/2023,CPH,0.1222010721
04/04/2023,CPH,0.1222010721
04/05/2023,CPH,0.1222010721
04/06/2023,CPH,0.1222010721
04/07/2023,CPH,0.1222010721
04/10/2023,CPH,0.1222010721
04/11/2023,CPH,0.1222010721
04/12/2023,CPH,0.1222010721
04/13/2023,CPH,0.1222010721
04/14/2023,CPH,0.1222010721
04/17/2023,CPH,0.1222010721
04/18/2023,CPH,0.1222010721
04/19/2023,CPH,0.1222010721
04/20/2023,CPH,0.1222010721
04/21/2023,CPH,0.1222010721
04/24/2023,CPH,0.1222010721
04/25/2023,CPH,0.1222010721
04/26/2023,CPH,0.1222010721
04/27/2023,CPH,0.1222010721
04/28/2023,CPH,0.1222010721
05/04/2023,CPH,0.1222010721
05/05/2023,CPH,0.1222010721
05/08/2023,CPH,0.1222010721
05/09/2023,CPH,0.1222010721
05/10/2023,CPH,0.1222010721
05/11/2023,CPH,0.1222010721
05/12/2023,CPH,0.1222010721
05/15/2023,CPH,0.1222010721
05/16/2023,CPH,0.1222010721
05/17/2023,CPH,0.1222010721
05/18/2023,CPH,0.1222010721
05/19/2023,CPH,0.1222010721
05/22/2023,CPH,0.1222010721
05/23/2023,CPH,0.1222010721
05/24/2023,CPH,0.1222010721
05/25/2023,CPH,0.1222010721
05/26/2023,CPH,0.1222010721
05/29/2023,CPH,0.1222010721
05/30/2023,CPH,0.1222010721
05/31/2023,CPH,0.1222010721
06/01/2023,CPH,0.1222010721
06/02/2023,CPH,0.1222010721
06/05/2023,CPH,0.1222010721
06/06/2023,CPH,0.1222010721
06/07/2023,CPH,0.1222010721
06/08/2023,CPH,0.1222010721
06/09/2023,CPH,0.1222010721
06/12/2023,CPH,0.1222010721
06/13/2023,CPH,0.1222010721
06/14/2023,CPH,0.1222010721
06/15/2023,CPH,0.1222010721
06/16/2023,CPH,0.1222010721
06/19/2023,CPH,0.1222010721
06/20/2023,CPH,0.1222010721
06/21/2023,CPH,0.1222010721
06/22/2023,CPH,0.1222010721
06/23/2023,CPH,0.1222010721
06/26/2023,CPH,0.1222010721
06/27/2023,CPH,0.1222010721
06/28/2023,CPH,0.1222010721
06/29/2023,CPH,0.1222010721
06/30/2023,CPH,0.1222010721
07/03/2023,CPH,0.1222010721
07/04/2023,CPH,0.1222010721
07/05/2023,CPH,0.1222010721
07/06/2023,CPH,0.1222010721
07/07/2023,CPH,0.1222010721
07/10/2023,CPH,0.1222010721
07/11/2023,CPH,0.1222010721
07/12/2023,CPH,0.1222010721
07/13/2023,CPH,0.1222010721
07/14/2023,CPH,0.1222010721
07/17/2023,CPH,0.1222010721
07/18/2023,CPH,0.1222010721
07/19/2023,CPH,0.1222010721
07/20/2023,CPH,0.1222010721
07/21/2023,CPH,0.1222010721
07/24/2023,CPH,0.1222010721
07/25/2023,CPH,0.1222010721
07/26/2023,CPH,0.1222010721
07/27/2023,CPH,0.1222010721
07/28/2023,CPH,0.1222010721
07/31/2023,CPH,0.1222010721
08/01/2023,CPH,0.1222010721
08/02/2023,CPH,0.1222010721
08/03/2023,CPH,0.1222010721
08/04/2023,CPH,0.1222010721
08/07/2023,CPH,0.1222010721
08/08/2023,CPH,0.1222010721
08/09/2023,CPH,0.1222010721
08/10/2023,CPH,0.1222010721
08/11/2023,CPH,0.1222010721
08/14/2023,CPH,0.1222010721
08/15/2023,CPH,0.1222010721
08/16/2023,CPH,0.1222010721
08/17/2023,CPH,0.1222010721
08/18/2023,CPH,0.1222010721
08/21/2023,CPH,0.1222010721
08/22/2023,CPH,0.1222010721
08/23/2023,CPH,0.1222010721
08/24/2023,CPH,0.1222010721
08/25/2023,CPH,0.1222010721
